{
  "country_codes":[
  {
    "code": "+376",
    "name": "ANDORRA",
    "key": "AD"
  },
  {
    "code": "+971",
    "name": "UNITED ARAB EMIRATES",
    "key": "AE"
  },
  {
    "code": "+93",
    "name": "AFGHANISTAN",
    "key": "AF"
  },
  {
    "code": "+1268",
    "name": "ANTIGUA AND BARBUDA",
    "key": "AG"
  },
  {
    "code": "+1264",
    "name": "ANGUILLA",
    "key": "AI"
  },
  {
    "code": "+355",
    "name": "ALBANIA",
    "key": "AL"
  },
  {
    "code": "+374",
    "name": "ARMENIA",
    "key": "AM"
  },
  {
    "code": "+599",
    "name": "NETHERLANDS ANTILLES",
    "key": "AN"
  },
  {
    "code": "+244",
    "name": "ANGOLA",
    "key": "AO"
  },
  {
    "code": "+672",
    "name": "ANTARCTICA",
    "key": "AQ"
  },
  {
    "code": "+54",
    "name": "ARGENTINA",
    "key": "AR"
  },
  {
    "code": "+1684",
    "name": "AMERICAN SAMOA",
    "key": "AS"
  },
  {
    "code": "+43",
    "name": "AUSTRIA",
    "key": "AT"
  },
  {
    "code": "+61",
    "name": "AUSTRALIA",
    "key": "AU"
  },
  {
    "code": "+297",
    "name": "ARUBA",
    "key": "AW"
  },
  {
    "code": "+994",
    "name": "AZERBAIJAN",
    "key": "AZ"
  },
  {
    "code": "+387",
    "name": "BOSNIA AND HERZEGOVINA",
    "key": "BA"
  },
  {
    "code": "+1246",
    "name": "BARBADOS",
    "key": "BB"
  },
  {
    "code": "+880",
    "name": "BANGLADESH",
    "key": "BD"
  },
  {
    "code": "+32",
    "name": "BELGIUM",
    "key": "BE"
  },
  {
    "code": "+226",
    "name": "BURKINA FASO",
    "key": "BF"
  },
  {
    "code": "+359",
    "name": "BULGARIA",
    "key": "BG"
  },
  {
    "code": "+973",
    "name": "BAHRAIN",
    "key": "BH"
  },
  {
    "code": "+257",
    "name": "BURUNDI",
    "key": "BI"
  },
  {
    "code": "+229",
    "name": "BENIN",
    "key": "BJ"
  },
  {
    "code": "+590",
    "name": "SAINT BARTHELEMY",
    "key": "BL"
  },
  {
    "code": "+1441",
    "name": "BERMUDA",
    "key": "BM"
  },
  {
    "code": "+673",
    "name": "BRUNEI DARUSSALAM",
    "key": "BN"
  },
  {
    "code": "+591",
    "name": "BOLIVIA",
    "key": "BO"
  },
  {
    "code": "+55",
    "name": "BRAZIL",
    "key": "BR"
  },
  {
    "code": "+1242",
    "name": "BAHAMAS",
    "key": "BS"
  },
  {
    "code": "+975",
    "name": "BHUTAN",
    "key": "BT"
  },
  {
    "code": "+267",
    "name": "BOTSWANA",
    "key": "BW"
  },
  {
    "code": "+375",
    "name": "BELARUS",
    "key": "BY"
  },
  {
    "code": "+501",
    "name": "BELIZE",
    "key": "BZ"
  },
  {
    "code": "+1",
    "name": "CANADA",
    "key": "CA"
  },
  {
    "code": "+61",
    "name": "COCOS (KEELING) ISLANDS",
    "key": "CC"
  },
  {
    "code": "+243",
    "name": "CONGO, THE DEMOCRATIC REPUBLIC OF THE",
    "key": "CD"
  },
  {
    "code": "+236",
    "name": "CENTRAL AFRICAN REPUBLIC",
    "key": "CF"
  },
  {
    "code": "+242",
    "name": "CONGO",
    "key": "CG"
  },
  {
    "code": "+41",
    "name": "SWITZERLAND",
    "key": "CH"
  },
  {
    "code": "+225",
    "name": "COTE D IVOIRE",
    "key": "CI"
  },
  {
    "code": "+682",
    "name": "COOK ISLANDS",
    "key": "CK"
  },
  {
    "code": "+56",
    "name": "CHILE",
    "key": "CL"
  },
  {
    "code": "+237",
    "name": "CAMEROON",
    "key": "CM"
  },
  {
    "code": "+86",
    "name": "CHINA",
    "key": "CN"
  },
  {
    "code": "+57",
    "name": "COLOMBIA",
    "key": "CO"
  },
  {
    "code": "+506",
    "name": "COSTA RICA",
    "key": "CR"
  },
  {
    "code": "+53",
    "name": "CUBA",
    "key": "CU"
  },
  {
    "code": "+238",
    "name": "CAPE VERDE",
    "key": "CV"
  },
  {
    "code": "+61",
    "name": "CHRISTMAS ISLAND",
    "key": "CX"
  },
  {
    "code": "+357",
    "name": "CYPRUS",
    "key": "CY"
  },
  {
    "code": "+420",
    "name": "CZECH REPUBLIC",
    "key": "CZ"
  },
  {
    "code": "+49",
    "name": "GERMANY",
    "key": "DE"
  },
  {
    "code": "+253",
    "name": "DJIBOUTI",
    "key": "DJ"
  },
  {
    "code": "+45",
    "name": "DENMARK",
    "key": "DK"
  },
  {
    "code": "+1767",
    "name": "DOMINICA",
    "key": "DM"
  },
  {
    "code": "+1809",
    "name": "DOMINICAN REPUBLIC",
    "key": "DO"
  },
  {
    "code": "+213",
    "name": "ALGERIA",
    "key": "DZ"
  },
  {
    "code": "+593",
    "name": "ECUADOR",
    "key": "EC"
  },
  {
    "code": "+372",
    "name": "ESTONIA",
    "key": "EE"
  },
  {
    "code": "+20",
    "name": "EGYPT",
    "key": "EG"
  },
  {
    "code": "+291",
    "name": "ERITREA",
    "key": "ER"
  },
  {
    "code": "+34",
    "name": "SPAIN",
    "key": "ES"
  },
  {
    "code": "+251",
    "name": "ETHIOPIA",
    "key": "ET"
  },
  {
    "code": "+358",
    "name": "FINLAND",
    "key": "FI"
  },
  {
    "code": "+679",
    "name": "FIJI",
    "key": "FJ"
  },
  {
    "code": "+500",
    "name": "FALKLAND ISLANDS (MALVINAS)",
    "key": "FK"
  },
  {
    "code": "+691",
    "name": "MICRONESIA, FEDERATED STATES OF",
    "key": "FM"
  },
  {
    "code": "+298",
    "name": "FAROE ISLANDS",
    "key": "FO"
  },
  {
    "code": "+33",
    "name": "FRANCE",
    "key": "FR"
  },
  {
    "code": "+241",
    "name": "GABON",
    "key": "GA"
  },
  {
    "code": "+44",
    "name": "UNITED KINGDOM",
    "key": "GB"
  },
  {
    "code": "+1473",
    "name": "GRENADA",
    "key": "GD"
  },
  {
    "code": "+995",
    "name": "GEORGIA",
    "key": "GE"
  },
  {
    "code": "+233",
    "name": "GHANA",
    "key": "GH"
  },
  {
    "code": "+350",
    "name": "GIBRALTAR",
    "key": "GI"
  },
  {
    "code": "+299",
    "name": "GREENLAND",
    "key": "GL"
  },
  {
    "code": "+220",
    "name": "GAMBIA",
    "key": "GM"
  },
  {
    "code": "+224",
    "name": "GUINEA",
    "key": "GN"
  },
  {
    "code": "+240",
    "name": "EQUATORIAL GUINEA",
    "key": "GQ"
  },
  {
    "code": "+30",
    "name": "GREECE",
    "key": "GR"
  },
  {
    "code": "+502",
    "name": "GUATEMALA",
    "key": "GT"
  },
  {
    "code": "+1671",
    "name": "GUAM",
    "key": "GU"
  },
  {
    "code": "+245",
    "name": "GUINEA-BISSAU",
    "key": "GW"
  },
  {
    "code": "+592",
    "name": "GUYANA",
    "key": "GY"
  },
  {
    "code": "+852",
    "name": "HONG KONG",
    "key": "HK"
  },
  {
    "code": "+504",
    "name": "HONDURAS",
    "key": "HN"
  },
  {
    "code": "+385",
    "name": "CROATIA",
    "key": "HR"
  },
  {
    "code": "+509",
    "name": "HAITI",
    "key": "HT"
  },
  {
    "code": "+36",
    "name": "HUNGARY",
    "key": "HU"
  },
  {
    "code": "+62",
    "name": "INDONESIA",
    "key": "ID"
  },
  {
    "code": "+353",
    "name": "IRELAND",
    "key": "IE"
  },
  {
    "code": "+972",
    "name": "ISRAEL",
    "key": "IL"
  },
  {
    "code": "+44",
    "name": "ISLE OF MAN",
    "key": "IM"
  },
  {
    "code": "+91",
    "name": "INDIA",
    "key": "IN"
  },
  {
    "code": "+964",
    "name": "IRAQ",
    "key": "IQ"
  },
  {
    "code": "+98",
    "name": "IRAN, ISLAMIC REPUBLIC OF",
    "key": "IR"
  },
  {
    "code": "+354",
    "name": "ICELAND",
    "key": "IS"
  },
  {
    "code": "+39",
    "name": "ITALY",
    "key": "IT"
  },
  {
    "code": "+1876",
    "name": "JAMAICA",
    "key": "JM"
  },
  {
    "code": "+962",
    "name": "JORDAN",
    "key": "JO"
  },
  {
    "code": "+81",
    "name": "JAPAN",
    "key": "JP"
  },
  {
    "code": "+254",
    "name": "KENYA",
    "key": "KE"
  },
  {
    "code": "+996",
    "name": "KYRGYZSTAN",
    "key": "KG"
  },
  {
    "code": "+855",
    "name": "CAMBODIA",
    "key": "KH"
  },
  {
    "code": "+686",
    "name": "KIRIBATI",
    "key": "KI"
  },
  {
    "code": "+269",
    "name": "COMOROS",
    "key": "KM"
  },
  {
    "code": "+1869",
    "name": "SAINT KITTS AND NEVIS",
    "key": "KN"
  },
  {
    "code": "+850",
    "name": "KOREA DEMOCRATIC PEOPLES REPUBLIC OF",
    "key": "KP"
  },
  {
    "code": "+82",
    "name": "KOREA REPUBLIC OF",
    "key": "KR"
  },
  {
    "code": "+965",
    "name": "KUWAIT",
    "key": "KW"
  },
  {
    "code": "+1345",
    "name": "CAYMAN ISLANDS",
    "key": "KY"
  },
  {
    "code": "+7",
    "name": "KAZAKSTAN",
    "key": "KZ"
  },
  {
    "code": "+856",
    "name": "LAO PEOPLES DEMOCRATIC REPUBLIC",
    "key": "LA"
  },
  {
    "code": "+961",
    "name": "LEBANON",
    "key": "LB"
  },
  {
    "code": "+1758",
    "name": "SAINT LUCIA",
    "key": "LC"
  },
  {
    "code": "+423",
    "name": "LIECHTENSTEIN",
    "key": "LI"
  },
  {
    "code": "+94",
    "name": "SRI LANKA",
    "key": "LK"
  },
  {
    "code": "+231",
    "name": "LIBERIA",
    "key": "LR"
  },
  {
    "code": "+266",
    "name": "LESOTHO",
    "key": "LS"
  },
  {
    "code": "+370",
    "name": "LITHUANIA",
    "key": "LT"
  },
  {
    "code": "+352",
    "name": "LUXEMBOURG",
    "key": "LU"
  },
  {
    "code": "+371",
    "name": "LATVIA",
    "key": "LV"
  },
  {
    "code": "+218",
    "name": "LIBYAN ARAB JAMAHIRIYA",
    "key": "LY"
  },
  {
    "code": "+212",
    "name": "MOROCCO",
    "key": "MA"
  },
  {
    "code": "+377",
    "name": "MONACO",
    "key": "MC"
  },
  {
    "code": "+373",
    "name": "MOLDOVA, REPUBLIC OF",
    "key": "MD"
  },
  {
    "code": "+382",
    "name": "MONTENEGRO",
    "key": "ME"
  },
  {
    "code": "+1599",
    "name": "SAINT MARTIN",
    "key": "MF"
  },
  {
    "code": "+261",
    "name": "MADAGASCAR",
    "key": "MG"
  },
  {
    "code": "+692",
    "name": "MARSHALL ISLANDS",
    "key": "MH"
  },
  {
    "code": "+389",
    "name": "MACEDONIA, THE FORMER YUGOSLAV REPUBLIC OF",
    "key": "MK"
  },
  {
    "code": "+223",
    "name": "MALI",
    "key": "ML"
  },
  {
    "code": "+95",
    "name": "MYANMAR",
    "key": "MM"
  },
  {
    "code": "+976",
    "name": "MONGOLIA",
    "key": "MN"
  },
  {
    "code": "+853",
    "name": "MACAU",
    "key": "MO"
  },
  {
    "code": "+1670",
    "name": "NORTHERN MARIANA ISLANDS",
    "key": "MP"
  },
  {
    "code": "+222",
    "name": "MAURITANIA",
    "key": "MR"
  },
  {
    "code": "+1664",
    "name": "MONTSERRAT",
    "key": "MS"
  },
  {
    "code": "+356",
    "name": "MALTA",
    "key": "MT"
  },
  {
    "code": "+230",
    "name": "MAURITIUS",
    "key": "MU"
  },
  {
    "code": "+960",
    "name": "MALDIVES",
    "key": "MV"
  },
  {
    "code": "+265",
    "name": "MALAWI",
    "key": "MW"
  },
  {
    "code": "+52",
    "name": "MEXICO",
    "key": "MX"
  },
  {
    "code": "+60",
    "name": "MALAYSIA",
    "key": "MY"
  },
  {
    "code": "+258",
    "name": "MOZAMBIQUE",
    "key": "MZ"
  },
  {
    "code": "+264",
    "name": "NAMIBIA",
    "key": "NA"
  },
  {
    "code": "+687",
    "name": "NEW CALEDONIA",
    "key": "NC"
  },
  {
    "code": "+227",
    "name": "NIGER",
    "key": "NE"
  },
  {
    "code": "+234",
    "name": "NIGERIA",
    "key": "NG"
  },
  {
    "code": "+505",
    "name": "NICARAGUA",
    "key": "NI"
  },
  {
    "code": "+31",
    "name": "NETHERLANDS",
    "key": "NL"
  },
  {
    "code": "+47",
    "name": "NORWAY",
    "key": "NO"
  },
  {
    "code": "+977",
    "name": "NEPAL",
    "key": "NP"
  },
  {
    "code": "+674",
    "name": "NAURU",
    "key": "NR"
  },
  {
    "code": "+683",
    "name": "NIUE",
    "key": "NU"
  },
  {
    "code": "+64",
    "name": "NEW ZEALAND",
    "key": "NZ"
  },
  {
    "code": "+968",
    "name": "OMAN",
    "key": "OM"
  },
  {
    "code": "+507",
    "name": "PANAMA",
    "key": "PA"
  },
  {
    "code": "+51",
    "name": "PERU",
    "key": "PE"
  },
  {
    "code": "+689",
    "name": "FRENCH POLYNESIA",
    "key": "PF"
  },
  {
    "code": "+675",
    "name": "PAPUA NEW GUINEA",
    "key": "PG"
  },
  {
    "code": "+63",
    "name": "PHILIPPINES",
    "key": "PH"
  },
  {
    "code": "+92",
    "name": "PAKISTAN",
    "key": "PK"
  },
  {
    "code": "+48",
    "name": "POLAND",
    "key": "PL"
  },
  {
    "code": "+508",
    "name": "SAINT PIERRE AND MIQUELON",
    "key": "PM"
  },
  {
    "code": "+870",
    "name": "PITCAIRN",
    "key": "PN"
  },
  {
    "code": "+1",
    "name": "PUERTO RICO",
    "key": "PR"
  },
  {
    "code": "+351",
    "name": "PORTUGAL",
    "key": "PT"
  },
  {
    "code": "+680",
    "name": "PALAU",
    "key": "PW"
  },
  {
    "code": "+595",
    "name": "PARAGUAY",
    "key": "PY"
  },
  {
    "code": "+974",
    "name": "QATAR",
    "key": "QA"
  },
  {
    "code": "+40",
    "name": "ROMANIA",
    "key": "RO"
  },
  {
    "code": "+381",
    "name": "SERBIA",
    "key": "RS"
  },
  {
    "code": "+7",
    "name": "RUSSIAN FEDERATION",
    "key": "RU"
  },
  {
    "code": "+250",
    "name": "RWANDA",
    "key": "RW"
  },
  {
    "code": "+966",
    "name": "SAUDI ARABIA",
    "key": "SA"
  },
  {
    "code": "+677",
    "name": "SOLOMON ISLANDS",
    "key": "SB"
  },
  {
    "code": "+248",
    "name": "SEYCHELLES",
    "key": "SC"
  },
  {
    "code": "+249",
    "name": "SUDAN",
    "key": "SD"
  },
  {
    "code": "+46",
    "name": "SWEDEN",
    "key": "SE"
  },
  {
    "code": "+65",
    "name": "SINGAPORE",
    "key": "SG"
  },
  {
    "code": "+290",
    "name": "SAINT HELENA",
    "key": "SH"
  },
  {
    "code": "+386",
    "name": "SLOVENIA",
    "key": "SI"
  },
  {
    "code": "+421",
    "name": "SLOVAKIA",
    "key": "SK"
  },
  {
    "code": "+232",
    "name": "SIERRA LEONE",
    "key": "SL"
  },
  {
    "code": "+378",
    "name": "SAN MARINO",
    "key": "SM"
  },
  {
    "code": "+221",
    "name": "SENEGAL",
    "key": "SN"
  },
  {
    "code": "+252",
    "name": "SOMALIA",
    "key": "SO"
  },
  {
    "code": "+597",
    "name": "SURINAME",
    "key": "SR"
  },
  {
    "code": "+239",
    "name": "SAO TOME AND PRINCIPE",
    "key": "ST"
  },
  {
    "code": "+503",
    "name": "EL SALVADOR",
    "key": "SV"
  },
  {
    "code": "+963",
    "name": "SYRIAN ARAB REPUBLIC",
    "key": "SY"
  },
  {
    "code": "+268",
    "name": "SWAZILAND",
    "key": "SZ"
  },
  {
    "code": "+1649",
    "name": "TURKS AND CAICOS ISLANDS",
    "key": "TC"
  },
  {
    "code": "+235",
    "name": "CHAD",
    "key": "TD"
  },
  {
    "code": "+228",
    "name": "TOGO",
    "key": "TG"
  },
  {
    "code": "+66",
    "name": "THAILAND",
    "key": "TH"
  },
  {
    "code": "+992",
    "name": "TAJIKISTAN",
    "key": "TJ"
  },
  {
    "code": "+690",
    "name": "TOKELAU",
    "key": "TK"
  },
  {
    "code": "+670",
    "name": "TIMOR-LESTE",
    "key": "TL"
  },
  {
    "code": "+993",
    "name": "TURKMENISTAN",
    "key": "TM"
  },
  {
    "code": "+216",
    "name": "TUNISIA",
    "key": "TN"
  },
  {
    "code": "+676",
    "name": "TONGA",
    "key": "TO"
  },
  {
    "code": "+90",
    "name": "TURKEY",
    "key": "TR"
  },
  {
    "code": "+1868",
    "name": "TRINIDAD AND TOBAGO",
    "key": "TT"
  },
  {
    "code": "+688",
    "name": "TUVALU",
    "key": "TV"
  },
  {
    "code": "+886",
    "name": "TAIWAN, PROVINCE OF CHINA",
    "key": "TW"
  },
  {
    "code": "+255",
    "name": "TANZANIA, UNITED REPUBLIC OF",
    "key": "TZ"
  },
  {
    "code": "+380",
    "name": "UKRAINE",
    "key": "UA"
  },
  {
    "code": "+256",
    "name": "UGANDA",
    "key": "UG"
  },
  {
    "code": "+1",
    "name": "UNITED STATES",
    "key": "US"
  },
  {
    "code": "+598",
    "name": "URUGUAY",
    "key": "UY"
  },
  {
    "code": "+998",
    "name": "UZBEKISTAN",
    "key": "UZ"
  },
  {
    "code": "+39",
    "name": "HOLY SEE (VATICAN CITY STATE)",
    "key": "VA"
  },
  {
    "code": "+1784",
    "name": "SAINT VINCENT AND THE GRENADINES",
    "key": "VC"
  },
  {
    "code": "+58",
    "name": "VENEZUELA",
    "key": "VE"
  },
  {
    "code": "+1284",
    "name": "VIRGIN ISLANDS, BRITISH",
    "key": "VG"
  },
  {
    "code": "+1340",
    "name": "VIRGIN ISLANDS, U.S.",
    "key": "VI"
  },
  {
    "code": "+84",
    "name": "VIET NAM",
    "selected": true,
    "key": "VN"
  },
  {
    "code": "+678",
    "name": "VANUATU",
    "key": "VU"
  },
  {
    "code": "+681",
    "name": "WALLIS AND FUTUNA",
    "key": "WF"
  },
  {
    "code": "+685",
    "name": "SAMOA",
    "key": "WS"
  },
  {
    "code": "+381",
    "name": "KOSOVO",
    "key": "XK"
  },
  {
    "code": "+967",
    "name": "YEMEN",
    "key": "YE"
  },
  {
    "code": "+262",
    "name": "MAYOTTE",
    "key": "YT"
  },
  {
    "code": "+27",
    "name": "SOUTH AFRICA",
    "key": "ZA"
  },
  {
    "code": "+260",
    "name": "ZAMBIA",
    "key": "ZM"
  },
  {
    "code": "+263",
    "name": "ZIMBABWE",
    "key": "ZW"
  }
]
}