
  {
    "games":[
      {
        "game_id": -1,
        "title": "Read the Story"
      },
      {
          "game_id": 12,
          "title": "Sort to box"
      },
      {
          "game_id": 13,
          "title": "Cleaning the Wall"
      },
      {
          "game_id": 15,
          "title": "Bricklayer"
      },
      {
          "game_id": 16,
          "title": "CountAndAnswerQuiz"
      },
      {
          "game_id": 17,
          "title": "ChooseCorrectGroupQuiz"
      },
      {
          "game_id": 18,
          "title": "Diamond Seeker"
      },
      {
          "game_id": 19,
          "title": "Building Demolition"
      },
      {
          "game_id": 20,
          "title": "Rest in Nest"
      },
      {
          "game_id": 21,
          "title": "Shook the book"
      },
      {
          "game_id": 22,
          "title": "UFO Learning"
      },
      {
          "game_id": 23,
          "title": "Jumbled words"
      },
      {
          "game_id": 24,
          "title": "Keyboard Max"
      },
      {
          "game_id": 25,
          "title": "Feed the shark"
      },
      {
          "game_id": 26,
          "title": "ColorUseKeysQuiz"
      },
      {
          "game_id": 37,
          "title": "SortedToGroupQuiz"
      },
      {
          "game_id": 43,
          "title": "MoveNumberObjectToGroupQuiz"
      },
      {
          "game_id": 44,
          "title": "Flying owls"
      },
      {
          "game_id": 45,
          "title": "Load the train"
      },
      {
          "game_id": 46,
          "title": "plug in bulbs 2"
      },
      {
          "game_id": 47,
          "title": "chicken to coop"
      },
      {
          "game_id": 48,
          "title": "jumping frog"
      },
      {
          "game_id": 49,
          "title": "Land the plane"
      },
      {
          "game_id": 50,
          "title": "Make a match"
      },
      {
          "game_id": 51,
          "title": "Picture match"
      },
      {
          "game_id": 52,
          "title": "plug in bulbs"
      },
      {
          "game_id": 53,
          "title": "Multiple choice questions"
      },
      {
          "game_id": 54,
          "title": "sing birdie"
      },
      {
          "game_id": 55,
          "title": "word machine"
      },
      {
          "game_id": 56,
          "title": "build word - cookies"
      },
      {
          "game_id": 57,
          "title": "Hungry Max"
      },
      {
          "game_id": 58,
          "title": "word train"
      },
      {
          "game_id": 59,
          "title": "Understand the story"
      },
      {
          "game_id": 60,
          "title": "Jumbled pages"
      },
      {
          "game_id": 61,
          "title": "make firework"
      },
      {
          "game_id": 62,
          "title": "Story Elements"
      },
      {
          "game_id": 63,
          "title": "Magic wheel"
      },
      {
          "game_id": 64,
          "title": "BA_HowManyKindQuiz"
      },
      {
          "game_id": 65,
          "title": "My_MissingNumber"
      },
      {
          "game_id": 66,
          "title": "Speaking with Max!"
      },
      {
          "game_id": 70,
          "title": "ChooseCorrectObjectsQuiz"
      },
      {
          "game_id": 71,
          "title": "Huy_ReadingNumber"
      },
      {
          "game_id": 73,
          "title": "Light'em up"
      },
      {
          "game_id": 76,
          "title": "EscapeMazeQuiz"
      },
      {
          "game_id": 139,
          "title": "ColorPictureQuiz"
      },
      {
          "game_id": 140,
          "title": "TracingQuiz"
      },
      {
          "game_id": 180,
          "title": "GymWithTheMonkey"
      },
      {
          "game_id": 181,
          "title": "Chase Penguin To Igloo"
      },
      {
          "game_id": 184,
          "title": "Snail"
      },
      {
          "game_id": 188,
          "title": "Dinosaur Chasing"
      },
      {
          "game_id": 189,
          "title": "Whack a mole 2"
      },
      {
          "game_id": 190,
          "title": "Wizard Cauldron"
      },
      {
          "game_id": 191,
          "title": "FrogSentence"
      },
      {
          "game_id": 192,
          "title": "CatchingThief"
      },
      {
          "game_id": 193,
          "title": "CarOnHighway"
      },
      {
          "game_id": 194,
          "title": "Space Station"
      },
      {
          "game_id": 195,
          "title": "Fire Fighter"
      },
      {
          "game_id": 196,
          "title": "Washing robot"
      },
      {
          "game_id": 197,
          "title": "Fishing boat"
      },
      {
          "game_id": 198,
          "title": "MonsterTeeth"
      },
      {
          "game_id": 199,
          "title": "Balloon to the Clown"
      },
      {
          "game_id": 200,
          "title": "Hatching Egg"
      },
      {
          "game_id": 201,
          "title": "Caterpilla Racing"
      },
      {
          "game_id": 203,
          "title": "wordWheel"
      },
      {
          "game_id": 204,
          "title": "Catch Fireflies"
      },
      {
          "game_id": 205,
          "title": "cover story"
      },
      {
          "game_id": 206,
          "title": "Question word"
      },
      {
          "game_id": 208,
          "title": "MPBubbleBoom"
      },
      {
          "game_id": 209,
          "title": "CloudCatcher"
      },
      {
          "game_id": 210,
          "title": "Delivery Food"
      },
      {
          "game_id": 211,
          "title": "FoodRestaurant"
      },
      {
          "game_id": 212,
          "title": "SheepVsWolves"
      },
      {
          "game_id": 213,
          "title": "SpaceShip"
      },
      {
          "game_id": 215,
          "title": "defeat the dragon"
      },
      {
          "game_id": 216,
          "title": "water balloon"
      },
      {
          "game_id": 217,
          "title": "Football kick"
      },
      {
          "game_id": 218,
          "title": "Who Are They"
      },
      {
          "game_id": 219,
          "title": "WhatAreTheyThinking"
      },
      {
          "game_id": 220,
          "title": "Cogs to car"
      },
      {
          "game_id": 221,
          "title": "SayWhy"
      },
      {
          "game_id": 222,
          "title": "BreakTheEgg"
      },
      {
          "game_id": 223,
          "title": "WhatHappenedNext"
      },
      {
          "game_id": 224,
          "title": "Piggy get the sound"
      },
      {
          "game_id": 225,
          "title": "MultipleChoice"
      },
      {
          "game_id": 226,
          "title": "UFO phonic"
      },
      {
          "game_id": 238,
          "title": "Gac ma"
      },
      {
          "game_id": 243,
          "title": "Compare and Contract"
      },
      {
          "game_id": 244,
          "title": "Puzzle fun"
      },
      {
          "game_id": 245,
          "title": "TracingNumber"
      },
      {
          "game_id": 246,
          "title": "ShootingStar"
      },
      {
          "game_id": 250,
          "title": "Ginger Breadman"
      },
      {
          "game_id": 251,
          "title": "WordTv"
      },
      {
          "game_id": 252,
          "title": "skiing race"
      },
      {
          "game_id": 253,
          "title": "Mexican Cactuses"
      },
      {
          "game_id": 254,
          "title": "Buggies V2"
      },
      {
          "game_id": 255,
          "title": "Build the bridge"
      },
      {
          "game_id": 256,
          "title": "Ninja"
      },
      {
          "game_id": 257,
          "title": "Clown on bike"
      },
      {
          "game_id": 258,
          "title": "Seapearl"
      },
      {
          "game_id": 259,
          "title": "//Car fun"
      },
      {
          "game_id": 261,
          "title": "//Blend 1"
      },
      {
          "game_id": 263,
          "title": "jumping rope"
      },
      {
          "game_id": 264,
          "title": "BBQ"
      },
      {
          "game_id": 265,
          "title": "Hot Air Balloon"
      },
      {
          "game_id": 266,
          "title": "Rythm machine"
      },
      {
          "game_id": 267,
          "title": "Tracing letter"
      },
      {
          "game_id": 268,
          "title": "Water pipe"
      }
    ]
  }
