<LESSON>

<HEADINGS>
	<1>Go quickly, but not at the expense of accuracy!</1>
	<2>Good! Keep going!</2>
	<3>Halfway there!</3>
	<4>Last one!</4>

</HEADINGS>


<DESCRIPTION>The sixteenth lesson gives you some tricky combinations. Finish with 30+ WPM!</DESCRIPTION>


<LessonTime>-1</LessonTime>
<MaxErrors>-1</MaxErrors>
<MinWPM>30</MinWPM>
<MinAccuracy>-1</MinAccuracy>


<TASK>
<HEADING>1</HEADING>
<TEXT>aq1a np2n iy3i sc4s sc5s aq1a np2n iy3i sc4s sc5s</TEXT>
<TEXT>rl0l oz9o hu8h tm7t tm6t rl0r oz9o hu8h tm7t tm6t</TEXT>
<TEXT>a1a n2n i3i s4s s5s a1a n2n i3i s4s s5s a1a 2n2</TEXT>
<TEXT>r0r o9o h8h t7t t6t r0r o9o h8h t7t t6t 0r0 9o9</TEXT>
</TASK>

<TASK>
<HEADING>2</HEADING>
<TEXT>1a 2n 3i 4s 5s 1a 2n 3i 4s 5s 1a 2n 3i 4s 5s</TEXT>
<TEXT>6t 7t 8h 9o 0r 6t 7t 8h 9o 0r 6t 7t 8h 9o 0r</TEXT>
<TEXT>1 asp 2 nag 3 ings 4 safe 5 sage 4 safe 5 sage</TEXT>
<TEXT>6 thor 7 troll 8 holt 9 old 0 roth 6 thor 7 troll</TEXT>
</TASK>

<TASK>
<HEADING>3</HEADING>
<TEXT>5 sage 4 safe 3 ings 2 nage 1 asp 5 sage 4 safe</TEXT>
<TEXT>0 roth 9 old 8 holt 7 troll 6 thor 7 troll 6 thor</TEXT>
<TEXT>aq1a np2n iy3i sc4s sc5s aq1a np2n iy3i sc4s sc5s</TEXT>
<TEXT>rl0l oz9o hu8h tm7t tm6t rl0r oz9o hu8h tm7t tm6t</TEXT>

</TEXT>
</TASK>

<TASK>
<HEADING>4</HEADING>
<TEXT>abs afs acs ags sqa a,a s's spn n?n syi aji s''s r/r</TEXT>
<TEXT>rvt rdt rmt rwt r_o tlr txr tzo r-o tuh rkh r;r r:ra</TEXT>
<TEXT>s''s r/r s*s s(s t)t r;r r:ra r-o s''s r/r s*s s(s</TEXT>
<TEXT>abs afs acs ags sqa a,a s's spn n?n syi aji s''s r/r</TEXT>

</TASK>




</LESSON>

