<LESSON>

<HEADINGS>
	<1>You need 35+ WPM, and an accuracy of 95% or more, to pass.</1>
	<2>Don't get discouraged! This is the final lesson!</2>
	<3>The text is from &quot;The Byzantine Omelette&quot; by Saki.</3>
	<4>Here it is, the final section! Good luck!</4>

</HEADINGS>


<DESCRIPTION>The eighteenth and final lesson stresses speed and accuracy! Get 35+ WPM and 95% accuracy!!</DESCRIPTION>


<LessonTime>-1</LessonTime>
<MaxErrors>-1</MaxErrors>
<MinWPM>35</MinWPM>
<MinAccuracy>95</MinAccuracy>


<TASK>
<HEADING>1</HEADING>
<TEXT>SOPHIE CHATTEL-MONKHEIM was a Socialist by</TEXT>
<TEXT>conviction and a Chattel-Monkheim by marriage.</TEXT>
<TEXT>The particular member of that wealthy family whom</TEXT>
<TEXT>she had married was rich, even as his relatives</TEXT>
</TASK>

<TASK>
<HEADING>2</HEADING>
<TEXT>counted riches. Sophie had very advanced and</TEXT>
<TEXT>decided views as to the distribution of money: it</TEXT> 
<TEXT>was a pleasing and fortunate circumstance that</TEXT>
<TEXT>she also had the money. When she inveighed</TEXT>
</TASK>

<TASK>
<HEADING>3</HEADING>
<TEXT>eloquently against the evils of capitalism at</TEXT>
<TEXT>drawing-room meetings and Fabian conferences she was</TEXT>
<TEXT>conscious of a comfortable feeling that the system,</TEXT>
<TEXT>with all its inequalities and iniquities, would</TEXT>
</TASK>

<TASK>
<HEADING>4</HEADING>
<TEXT>probably last her time.  It is one of the</TEXT>
<TEXT>consolations of middle-aged reformers that the good</TEXT>
<TEXT>they inculcate must live after them if it is to</TEXT>
<TEXT>live at all.</TEXT>
</TASK>


</LESSON>

