<LESSON>

<HEADINGS>
	<1>Remember, accuracy is paramount! No mistakes!</1>
	<2>Go slowly if you must, but be very careful!</2>
	<3>Remember, you will fail if you make more than 5 mistakes.</3>
	<4>Just about finished! Steady now!</4>


</HEADINGS>


<DESCRIPTION>The twelfth lesson stresses accuracy You must not make more than 5 mistakes to pass!</DESCRIPTION>



<LessonTime>-1</LessonTime>
<MaxErrors>5</MaxErrors>
<MinWPM>-1</MinWPM>
<MinAccuracy>-1</MinAccuracy>


<TASK>
<HEADING>1</HEADING>
<TEXT>The thousand injuries of Fortunato I had borne as I best</TEXT>
<TEXT>could, but when he ventured upon insult, I vowed revenge.</TEXT>
<TEXT>You, who so well know the nature of my soul, will not</TEXT>
<TEXT>suppose, however, that I gave utterance to a threat.</TEXT>
</TASK>

<TASK>
<HEADING>2</HEADING>
<TEXT>At length I would be avenged; this was a point definitely</TEXT>
<TEXT>settled-- but the very definitiveness with which it was</TEXT>
<TEXT>resolved, precluded the idea of risk. I must not only</TEXT>
<TEXT>punish, but punish with impunity.</TEXT>
</TASK>

<TASK>
<HEADING>3</HEADING>
<TEXT>A wrong is unredressed when retribution overtakes its</TEXT>
<TEXT>redresser. It is equally unredressed when the avenger</TEXT>
<TEXT>fails to make himself felt as such to him who has done</TEXT>
<TEXT>the wrong. It must be understood that neither by...</TEXT>
</TASK>

<TASK>
<HEADING>4</HEADING>
<TEXT>word nor deed had I given Fortunato cause to doubt</TEXT>
<TEXT>my good will. I continued, as was my wont, to smile in</TEXT>
<TEXT>his face, and he did not perceive that my smile now</TEXT>
<TEXT>was at the thought of his immolation.</TEXT>

</TASK>




</LESSON>

